,Price,Address,Bd,Ba,Parking,Sqft,Maint. Fee,Time on market
0,"$499,000",4101 - 25 Capreol Crt,1BD,1BA,1 Parking,515 sqft,Maint. Fee $421,7 hours
1,"$499,900",1524 - 230 King St E,1BD,1BA,1 Parking,530 sqft,Maint. Fee $505,8 hours
2,"$599,900",910 - 100 Hayden St,1+1BD,1BA,1 Parking,581 sqft,Maint. Fee $612,10 hours
3,"$629,000",1018 - 87 Peter St,1+1BD,1BA,0 Parking,600 sqft,Maint. Fee $353,12 hours
4,"$629,700",3107 - 101 Peter St,1BD,1BA,0 Parking,475 sqft,Maint. Fee $360,14 hours
5,"$568,000",711 - 478 King St W,1BD,1BA,0 Parking,505 sqft,Maint. Fee $364,1 day
6,"$567,800",1503 - 70 Queens Wharf Rd,1BD,1BA,0 Parking,500 sqft,Maint. Fee $314,1 day
7,"$599,900",1708 - 80 John St,1+1BD,1BA,0 Parking,627 sqft,Maint. Fee $568,1 day
8,"$619,900",4711 - 14 York St,1+1BD,1BA,0 Parking,514 sqft,Maint. Fee $384,1 day
9,"$638,800",2620 - 155 Yorkville Ave,1+1BD,1BA,0 Parking,550 sqft,Maint. Fee $565,1 day
10,"$499,900",216 - 270 Wellington St W,1BD,1BA,0 Parking,640 sqft,Maint. Fee $540,1 day
11,"$629,000",605 - 120 Parliament St,1+1BD,1BA,0 Parking,588 sqft,Maint. Fee $321,1 day
12,"$638,800",312 - 15 Stafford Street,1BD,1BA,1 Parking,654 sqft,Maint. Fee $412,1 day
13,"$639,000",2014 - 386 Yonge St,1BD,1BA,0 Parking,532 sqft,Maint. Fee $345,1 day
14,"$599,900",3507 - 21 Widmer St,1BD,1BA,0 Parking,585 sqft,Maint. Fee $484,2 days
15,"$584,000",405 - 295 Adelaide St,1BD,1BA,0 Parking,517 sqft,Maint. Fee $332,2 days
16,"$469,888",323 - 5 St Joseph St,1BD,1BA,0 Parking,639 sqft,Maint. Fee $438,2 days
17,"$650,000",737 - 151 Dan Leckie Way,1+1BD,1BA,0 Parking,628 sqft,Maint. Fee $430,2 days
18,"$528,000",1013 - 323 Richmond St,1BD,1BA,1 Parking,530 sqft,Maint. Fee $414,2 days
19,"$439,000",M09 - 350 Wellington St W,1BD,1BA,0 Parking,550 sqft,Maint. Fee $615,3 days
20,"$529,999",1019 - 1030 King St W,1BD,1BA,0 Parking,487 sqft,Maint. Fee $293,3 days
21,"$599,999",1920 - 155 Yorkville Ave,1+1BD,1BA,0 Parking,550 sqft,Maint. Fee $565,3 days
22,"$599,900",1808 - 8 Park Rd,1+1BD,1BA,1 Parking,615 sqft,Maint. Fee $692,3 days
23,"$549,900",1102 - 255 Richmond St E,1BD,1BA,1 Parking,590 sqft,Maint. Fee $539,3 days
24,"$619,000",1212 - 111 Elizabeth St,1+1BD,1BA,0 Parking,667 sqft,Maint. Fee $439,3 days
25,"$610,000",Tableau Condominiums,1+1BD,1BA,0 Parking,610 sqft,Maint. Fee $386,3 days
26,"$554,900",702 - 1 Shaw St,1BD,1BA,1 Parking,549 sqft,Maint. Fee $413,3 days
27,"$499,000",132 - 78 St Patrick St,1BD,1BA,0 Parking,600-699 sqft,Maint. Fee $483,3 days
28,"$588,800",1506 - 140 Simcoe St,1BD,1BA,0 Parking,550 sqft,Maint. Fee $361,3 days
29,"$559,000",1605 - 40 Scollard St,1+1BD,1BA,0 Parking,645 sqft,Maint. Fee $675,3 days
30,"$649,000",316 - 225 Davenport Rd,1+1BD,1BA,1 Parking,881 sqft,Maint. Fee $957,3 days
31,"$650,000",1201 - 50 Lombard St,1+1BD,1BA,1 Parking,943 sqft,"Maint. Fee $1,201",3 days
32,"$549,000",1106 - 12 York St,1+1BD,1BA,0 Parking,522 sqft,Maint. Fee $373,3 days
33,"$519,000",122 - 255 Richmond St E,1BD,1BA,0 Parking,650 sqft,Maint. Fee $537,3 days
34,"$579,000",2101 - 120 Parliament St,1BD,1BA,0 Parking,550 sqft,Maint. Fee $359,4 days
35,"$600,000",N804 - 116 George St,1BD,1BA,1 Parking,516 sqft,Maint. Fee $419,4 days
36,"$599,000",2707 - 21 Widmer  St,1BD,1BA,0 Parking,585 sqft,Maint. Fee $461,4 days
37,"$649,960",4403 - 87 Peter St,1BD,1BA,0 Parking,500 sqft,Maint. Fee $245,5 days
38,"$619,900",502 - 600 Queens Quay W,1+1BD,1BA,1 Parking,717 sqft,Maint. Fee $612,6 days
39,"$539,000",717 - 801 King St W,1+1BD,1BA,1 Parking,647 sqft,Maint. Fee $678,6 days
40,"$638,800",312 - 15 Stafford St,1BD,1BA,1 Parking,654 sqft,Maint. Fee $412,6 days
41,"$549,900",305 - 381 Front St W,1+1BD,1BA,0 Parking,678 sqft,Maint. Fee $519,6 days
42,"$649,900",1204 - 88 Scott St,1+1BD,1BA,0 Parking,670 sqft,Maint. Fee $361,7 days
43,"$549,000",407 - 5 St Joseph St,1BD,1BA,0 Parking,501 sqft,Maint. Fee $343,7 days
44,"$488,800",321 - 350 Wellington St W,1BD,1BA,0 Parking,615 sqft,Maint. Fee $687,7 days
45,"$579,990",1407 - 832 Bay St,1BD,1BA,0 Parking,512 sqft,Maint. Fee $303,7 days
46,"$599,000",2907 - 85 Queens Wharf Rd,1BD,1BA,0 Parking,590 sqft,Maint. Fee $361,7 days
47,"$519,900",711 - 705 King St W,1+1BD,1BA,1 Parking,752 sqft,Maint. Fee $643,7 days
48,"$539,000",419 - 218 King St E,1BD,1BA,0 Parking,660 sqft,Maint. Fee $376,7 days
49,"$633,800",1049 - 151 Dan Leckie Way,1+1BD,1BA,1 Parking,618 sqft,Maint. Fee $479,8 days
50,"$560,000",1003 - 25 Lower Simcoe St,1BD,1BA,0 Parking,547 sqft,Maint. Fee $419,8 days
51,"$548,000",326 - 560 Front St W,1BD,1BA,0 Parking,555 sqft,Maint. Fee $394,8 days
52,"$557,800",715 - 111 Elizabeth St,1BD,1BA,0 Parking,597 sqft,Maint. Fee $394,8 days
53,"$539,900",501 - 80 Queens Wharf Rd,1BD,1BA,0 Parking,507 sqft,Maint. Fee $339,8 days
54,"$618,800",#809 - 15 Beverley St,1BD,1BA,0 Parking,560 sqft,Maint. Fee $616,8 days
55,"$619,000",1607 - 38 Elm St,1BD,1BA,0 Parking,749 sqft,Maint. Fee $670,8 days
56,"$629,900",3004 - 1 King St W,1BD,1BA,1 Parking,591 sqft,Maint. Fee $861,8 days
57,"$605,000",605 - 51 Lower Simcoe St,1BD,1BA,1 Parking,547 sqft,Maint. Fee $384,9 days
58,"$639,999",1103 - 55 Bremner Blvd,1+1BD,1BA,0 Parking,607 sqft,Maint. Fee $517,9 days
59,"$619,000",431 - 775 King St W,1BD,1BA,1 Parking,674 sqft,Maint. Fee $344,9 days
60,"$529,000",313 - 410 Queens Quay W,1BD,1BA,0 Parking,600 sqft,Maint. Fee $526,9 days
61,"$599,900",1411 - 318 Richmond St W,1+1BD,1BA,0 Parking,627 sqft,Maint. Fee $417,9 days
62,"$495,000",538 - 151 Dan Leckie Way,1BD,1BA,0 Parking,575 sqft,Maint. Fee $394,9 days
63,"$549,900",207 - 1 Shaw St,1BD,1BA,1 Parking,564 sqft,Maint. Fee $411,9 days
64,"$559,900",519 - 1 Shaw St,1BD,1BA,0 Parking,615 sqft,Maint. Fee $374,10 days
65,"$619,900",1907 - 35 Balmuto St,1BD,1BA,0 Parking,568 sqft,Maint. Fee $541,10 days
66,"$598,000",805 - 318 Richmond St W,1BD,1BA,0 Parking,585 sqft,Maint. Fee $425,10 days
67,"$549,000",911 - 110 Charles St E,1BD,1BA,0 Parking,545 sqft,Maint. Fee $361,10 days
68,"$579,999",508 - 77 Lombard St,1BD,2BA,0 Parking,640 sqft,Maint. Fee $546,10 days
69,"$549,900",619 - 20 Blue Jays Way,1BD,1BA,0 Parking,600 sqft,Maint. Fee $415,10 days
70,"$619,900",302 - 1005 King St W,1+1BD,1BA,1 Parking,665 sqft,Maint. Fee $571,10 days
71,"$489,000",635 - 8 Telegram Mews,1BD,1BA,0 Parking,550 sqft,Maint. Fee $384,10 days
72,"$579,000",228 - 51 Lower Simcoe St,1BD,1BA,0 Parking,585 sqft,Maint. Fee $410,10 days
73,"$635,000",503 - 38 Cameron St,1BD,1BA,0 Parking,624 sqft,Maint. Fee $478,10 days
74,"$649,000",410 - 270 Wellington Ave W,1+1BD,2BA,1 Parking,786 sqft,Maint. Fee $698,11 days
75,"$510,000",3204 - 1 King St W,1BD,1BA,0 Parking,591 sqft,Maint. Fee $774,11 days
76,"$559,900",1219 - 1 Shaw St,1BD,1BA,1 Parking,615 sqft,Maint. Fee $452,11 days
77,"$589,999",2801 - 12 Yonge St,1+1BD,1BA,0 Parking,626 sqft,Maint. Fee $424,11 days
78,"$615,000",1507 - 8 Mercer St,1+1BD,1BA,0 Parking,570 sqft,Maint. Fee $318,11 days
79,"$599,000",511 - 80 Vanauley St,1+1BD,2BA,0 Parking,654 sqft,Maint. Fee $518,12 days
80,"$534,900",205 - 255 Richmond St E,1BD,1BA,0 Parking,500-599 sqft,Maint. Fee $418,13 days
81,"$649,000",2912 - 15 Lower Jarvis St,1+1BD,1BA,0 Parking,603 sqft,Maint. Fee $387,13 days
82,"$599,000",6307 - 88 Harbour St,1+1BD,1BA,0 Parking,612 sqft,Maint. Fee $462,13 days
83,"$568,800",917 - 168 Simcoe St W,1BD,1BA,0 Parking,653 sqft,Maint. Fee $564,14 days
84,"$529,900",547 - 22 Leader Lane,1BD,1BA,0 Parking,550 sqft,Maint. Fee $625,14 days
85,"$499,900",811 - 725 King St W,1+1BD,1BA,1 Parking,695 sqft,Maint. Fee $624,14 days
86,"$529,000",2612 - 25 Telegram Mews,1BD,1BA,0 Parking,545 sqft,Maint. Fee $300,14 days
87,"$635,000",1208 - 10 Navy Wharf Crt,1+1BD,1BA,1 Parking,665 sqft,Maint. Fee $582,14 days
88,"$544,900",507 - 1239 Dundas St W,1BD,1BA,0 Parking,602 sqft,Maint. Fee $635,14 days
89,"$578,000",1831 - 460 Adelaide St E,1BD,1BA,0 Parking,564 sqft,Maint. Fee $361,14 days
90,"$649,900",1008 - 88 Scott St,1BD,1BA,0 Parking,561 sqft,Maint. Fee $367,15 days
91,"$559,900",901 - 25 Capreol Crt,1BD,1BA,1 Parking,515 sqft,Maint. Fee $421,15 days
92,"$645,000",3007 - 38 Elm St,1BD,1BA,1 Parking,749 sqft,Maint. Fee $746,15 days
93,"$639,000",2007 - 21 Iceboat Terr,1+1BD,1BA,1 Parking,718 sqft,Maint. Fee $562,15 days
94,"$650,000",2808 - 30 Grand Trunk Cres,1+1BD,1BA,1 Parking,653 sqft,Maint. Fee $672,15 days
95,"$635,000",2207 - 18 Yonge St,1+1BD,2BA,0 Parking,737 sqft,Maint. Fee $409,16 days
96,"$499,000",621 - 270 Wellington St W,1BD,1BA,0 Parking,588 sqft,Maint. Fee $496,16 days
97,"$584,900",608E - 576 Front St W,1+1BD,1BA,0 Parking,500-599 sqft,Maint. Fee $360,16 days
98,"$529,000",504 - 66 Portland St,1BD,1BA,0 Parking,529 sqft,Maint. Fee $281,16 days
99,"$589,900",811 - 736 Bay St,1BD,1BA,1 Parking,600-699 sqft,Maint. Fee $653,17 days
100,"$599,900",1607 - 832 Bay St,1BD,1BA,0 Parking,512 sqft,Maint. Fee $321,17 days
101,"$599,000",308 - 11 Brunel Crt,1+1BD,1BA,1 Parking,680 sqft,Maint. Fee $494,17 days
102,"$550,000",608 - 608 Richmond St W,1BD,1BA,0 Parking,494 sqft,Maint. Fee $339,17 days
103,"$598,000",912 - 438 Richmond St W,1BD,1BA,1 Parking,639 sqft,Maint. Fee $550,17 days
104,"$599,000",718 - 168 Simcoe St,1BD,1BA,1 Parking,645 sqft,Maint. Fee $593,17 days
105,"$649,900",1803 - 3 Navy Wharf Crt,1+1BD,1BA,0 Parking,693 sqft,Maint. Fee $485,17 days
106,"$598,000",707 - 8 Mercer St,1+1BD,1BA,0 Parking,570 sqft,Maint. Fee $307,18 days
107,"$530,000",407 - 478 King St W,1BD,1BA,0 Parking,570 sqft,Maint. Fee $395,18 days
108,"$629,900",1608 - 736 Spadina Ave,1+1BD,1BA,1 Parking,638 sqft,Maint. Fee $581,18 days
109,"$550,000",401 - 323 Richmond St E,1BD,1BA,1 Parking,615 sqft,Maint. Fee $474,18 days
110,"$570,000",712 - 15 Brunel  Crt,1+1BD,1BA,0 Parking,595 sqft,Maint. Fee $341,18 days
111,"$499,000",808 - 560 Front St W,1BD,1BA,0 Parking,540 sqft,Maint. Fee $380,18 days
112,"$569,000",237 - 250 Wellington St W,1+1BD,1BA,1 Parking,757 sqft,Maint. Fee $621,18 days
113,"$619,000",2816 - 15 Iceboat Terr,1+1BD,1BA,1 Parking,620 sqft,Maint. Fee $493,18 days
114,"$629,990",1901 - 88 Blue Jays Way,1+1BD,1BA,0 Parking,583 sqft,Maint. Fee $499,19 days
115,"$558,000",2120 - 352 Front St W,1BD,1BA,0 Parking,569 sqft,Maint. Fee $379,19 days
116,"$579,000",905 - 38 Elm St,1BD,1BA,0 Parking,608 sqft,Maint. Fee $544,19 days
117,"$539,000",1111 - 352 Front St W,1BD,1BA,0 Parking,622 sqft,Maint. Fee $431,19 days
118,"$535,000",1710 - 14 York St,1+1BD,1BA,0 Parking,528 sqft,Maint. Fee $398,20 days
119,"$559,000",514 - 560 Front St W,1BD,1BA,0 Parking,560 sqft,Maint. Fee $398,20 days
120,"$639,900",205 - 478 King St W,1+1BD,1BA,0 Parking,680 sqft,Maint. Fee $471,21 days
121,"$615,000",806E - 576 Front St W,1+1BD,1BA,0 Parking,500-599 sqft,Maint. Fee $348,22 days
122,"$549,000",305 - 460 Adelaide St E,1BD,1BA,0 Parking,583 sqft,Maint. Fee $373,22 days
123,"$554,000",3503 - 21 Iceboat Terr,1+1BD,1BA,0 Parking,573 sqft,Maint. Fee $393,22 days
124,"$639,000",917E - 500 Queens Quay W Quay,1+1BD,1BA,1 Parking,746 sqft,Maint. Fee $570,22 days
125,"$634,000",418 - 38 Cameron St,1+1BD,2BA,0 Parking,625 sqft,Maint. Fee $440,22 days
126,"$579,000",1806 - 25 Grenville St,1+1BD,1BA,1 Parking,700 sqft,Maint. Fee $821,23 days
127,"$649,701",2321 - 633 Bay St,1BD,1BA,0 Parking,858 sqft,Maint. Fee $663,23 days
128,"$625,000",PH17 - 1030 King St W,1+1BD,1BA,1 Parking,564 sqft,Maint. Fee $390,23 days
129,"$529,900",343 - 250 Wellington St,1+1BD,1BA,0 Parking,588 sqft,Maint. Fee $457,23 days
130,"$537,000",3301 - 25 Telegram Mews,1BD,1BA,0 Parking,540 sqft,Maint. Fee $323,23 days
131,"$585,000",209 - 397 Front St W,1+1BD,1BA,1 Parking,579 sqft,Maint. Fee $451,23 days
132,"$609,000",509 - 770 Bay St,1BD,1BA,0 Parking,535 sqft,Maint. Fee $374,23 days
133,"$538,000",1301 - 8 Scollard St,1BD,1BA,0 Parking,530 sqft,Maint. Fee $428,24 days
134,"$628,000",2802 - 318 Richmond St W,1BD,1BA,0 Parking,501 sqft,Maint. Fee $364,24 days
135,"$649,000",1510 - 887 Bay St,1BD,1BA,1 Parking,598 sqft,Maint. Fee $546,24 days
136,"$585,000",1211 - 8 Telegram Mews,1BD,1BA,1 Parking,603 sqft,Maint. Fee $435,24 days
137,"$569,000",1106 - 410 Queens Quay W,1BD,1BA,1 Parking,567 sqft,Maint. Fee $555,24 days
138,"$549,900",3005 - 11 Brunel Crt,1BD,1BA,0 Parking,535 sqft,Maint. Fee $360,24 days
139,"$615,000",701 - 15 Grenville St,1+1BD,1BA,0 Parking,540 sqft,Maint. Fee $367,24 days
140,"$569,000",606 - 39 Sherbourne St,1+1BD,1BA,0 Parking,665 sqft,Maint. Fee $500,25 days
141,"$575,000",3008 - 375 King St W,1BD,1BA,0 Parking,522 sqft,Maint. Fee $369,25 days
142,"$560,000",405 - 10 Yonge St,1BD,1BA,1 Parking,538 sqft,Maint. Fee $547,25 days
143,"$609,000",901 - 55 Bloor St E,1+1BD,1BA,0 Parking,636 sqft,Maint. Fee $616,25 days
144,"$598,800",4207 - 115 Blue Jays Way,1BD,1BA,0 Parking,500-599 sqft,,
145,"$618,000",3108 - 375 King St W,1BD,1BA,0 Parking,522 sqft,Maint. Fee $369,25 days
146,"$598,800",825 - 255 Richmond St E,1BD,1BA,0 Parking,635 sqft,Maint. Fee $466,25 days
147,"$635,000",3007 - 397 Front St W,1+1BD,1BA,0 Parking,585 sqft,Maint. Fee $429,26 days
148,"$525,000",436 - 22 Leader Lane,1BD,1BA,0 Parking,525 sqft,Maint. Fee $630,26 days
149,"$589,900",1807 - 260 Queens Quay W,1+1BD,1BA,0 Parking,796 sqft,Maint. Fee $495,26 days
150,"$549,900",901 - 208 Queens Quay W,1BD,1BA,0 Parking,553 sqft,Maint. Fee $409,27 days
151,"$618,000",608 - 199 Richmond St,1BD,1BA,0 Parking,507 sqft,Maint. Fee $410,27 days
152,"$509,000",932 - 560 Front St W,1BD,1BA,0 Parking,555 sqft,Maint. Fee $375,28 days
153,"$635,000",1613 - 352 Front St W,1+1BD,1BA,0 Parking,659 sqft,Maint. Fee $471,28 days
154,"$529,900",728 - 21 Iceboat Terr,1+1BD,1BA,0 Parking,590 sqft,Maint. Fee $405,28 days
155,"$649,500",2902 - 55 Bremner Blvd,1BD,1BA,0 Parking,595 sqft,Maint. Fee $534,28 days
156,"$524,900",416 - 1001 Bay St,1BD,1BA,0 Parking,542 sqft,Maint. Fee $404,29 days
157,"$648,000",716 - 92 King St E,1+1BD,1BA,0 Parking,668 sqft,Maint. Fee $533,29 days
158,"$599,900",3111 - 14 York St,1+1BD,1BA,0 Parking,500-599 sqft,Maint. Fee $350,29 days
159,"$628,000",405 - 8 The Esplanade,1+1BD,1BA,0 Parking,674 sqft,Maint. Fee $499,30 days
160,"$499,999",301 - 30 Hayden St,1BD,1BA,0 Parking,588 sqft,Maint. Fee $552,30 days
161,"$599,900",601 - 170 Fort York Blvd,1+1BD,1BA,0 Parking,643 sqft,Maint. Fee $533,30 days
162,"$549,900",712 - 333 Adelaide St E,1BD,1BA,0 Parking,605 sqft,Maint. Fee $344,30 days
163,"$499,900",1008 - 8 Telegram Mews,1BD,1BA,0 Parking,488 sqft,Maint. Fee $326,30 days
164,"$609,888",3606 - 15 Lower Jarvis St,1BD,1BA,0 Parking,545 sqft,Maint. Fee $352,30 days
165,"$559,900",917 - 1001 Bay St,1+1BD,1BA,0 Parking,704 sqft,Maint. Fee $524,30 days
166,"$580,000",738 - 460 Adelaide St E,1+1BD,1BA,0 Parking,600 sqft,Maint. Fee $383,31 days
167,"$529,900",431E - 576 Front St W,1BD,1BA,0 Parking,500-599 sqft,Maint. Fee $368,31 days
168,"$569,900",512 - 109 Front St E,1BD,1BA,1 Parking,570 sqft,Maint. Fee $467,31 days
169,"$629,900",3710 - 8 The Esplanade Ave,1BD,1BA,0 Parking,536 sqft,Maint. Fee $402,32 days
170,"$459,999",1102 - 120 St Patrick St,1BD,1BA,0 Parking,600-699 sqft,Maint. Fee $691,32 days
171,"$627,900",127 - 255 Richmond St E,1BD,1BA,1 Parking,660 sqft,Maint. Fee $565,32 days
172,"$550,000",2217 - 330 Richmond St W,1BD,1BA,0 Parking,500-599 sqft,Maint. Fee $376,32 days
173,"$539,900",714 - 608 Richmond St W,1BD,1BA,0 Parking,494 sqft,Maint. Fee $338,32 days
174,"$629,900",1109 - 397 Front St,1+1BD,1BA,0 Parking,733 sqft,Maint. Fee $561,32 days
175,"$498,000",M15 - 350 Wellington St W,1BD,1BA,0 Parking,550 sqft,Maint. Fee $615,32 days
176,"$499,000",#101 - 140 Bathurst St,1BD,1BA,0 Parking,600-699 sqft,Maint. Fee $562,32 days
177,"$499,900",1642 - 250 Wellington St W,1BD,1BA,1 Parking,530 sqft,Maint. Fee $445,32 days
178,"$633,000",6107 - 14 York St,1+1BD,1BA,0 Parking,529 sqft,Maint. Fee $403,33 days
179,"$609,800",1810 - 25 Telegram Mews,1+1BD,1BA,1 Parking,500-599 sqft,Maint. Fee $357,33 days
180,"$558,000",105 - 31 Olive Ave,1BD,1BA,1 Parking,440 sqft,Maint. Fee $373,33 days
181,"$610,000",2107 - 44 St. Joseph St,1+1BD,1BA,1 Parking,685 sqft,Maint. Fee $609,34 days
182,"$549,000",2010 - 75 Queens Wharf Rd,1BD,1BA,0 Parking,540 sqft,Maint. Fee $330,34 days
183,"$650,000",2707 - 45 Charles St E,1+1BD,1BA,0 Parking,592 sqft,Maint. Fee $379,35 days
184,"$599,900",925 - 1030 King St W,1+1BD,1BA,1 Parking,564 sqft,Maint. Fee $407,35 days
185,"$489,900",312 - 4K Spadina Ave,1BD,1BA,0 Parking,560 sqft,Maint. Fee $309,35 days
186,"$639,900",3809 - 12 York St,1+1BD,1BA,1 Parking,590 sqft,Maint. Fee $557,35 days
187,"$599,000",2309 - 381 Front St W,1+1BD,1BA,1 Parking,600-699 sqft,Maint. Fee $463,35 days
188,"$640,000",2207 - 101 Peter St,1BD,1BA,0 Parking,475 sqft,Maint. Fee $340,35 days
189,"$650,000",401 - 38 Cameron St,1BD,1BA,0 Parking,576 sqft,Maint. Fee $441,35 days
190,"$499,000",201 - 608 Richmond St W,1BD,1BA,0 Parking,531 sqft,Maint. Fee $363,35 days
191,"$649,000",1211 - 318 Richmond St W,1+1BD,1BA,0 Parking,627 sqft,Maint. Fee $455,35 days
192,"$588,000",2501 - 1001 Bay St,1+1BD,1BA,0 Parking,682 sqft,Maint. Fee $510,36 days
193,"$578,000",3612 - 21 Iceboat Terr,1BD,1BA,1 Parking,550 sqft,Maint. Fee $450,36 days
194,"$588,000",341 - 15 Iceboat Terr,1+1BD,1BA,1 Parking,600-699 sqft,Maint. Fee $493,36 days
195,"$585,000",608 - 18 Stafford St E,1BD,1BA,1 Parking,583 sqft,Maint. Fee $393,36 days
196,"$502,888",702 - 140 Bathurst St,1BD,1BA,0 Parking,532 sqft,Maint. Fee $542,36 days
197,"$549,000",909 - 560 Front St W,1BD,1BA,0 Parking,500 sqft,Maint. Fee $357,36 days
198,"$625,000",507 - 38 Cameron St,1BD,1BA,0 Parking,500-599 sqft,Maint. Fee $358,36 days
199,"$609,900",3707 - 832 Bay St,1BD,1BA,0 Parking,512 sqft,Maint. Fee $285,36 days
200,"$550,000",708 - 608 Richmond St,1BD,1BA,0 Parking,494 sqft,Maint. Fee $323,37 days
201,"$638,000",3901 - 5 St Joseph St,1BD,1BA,0 Parking,511 sqft,Maint. Fee $350,37 days
202,"$610,000",623 - 109 Front St E,1+1BD,1BA,0 Parking,600-699 sqft,Maint. Fee $429,37 days
203,"$628,900",710 - 460 Adelaide St E,1+1BD,1BA,1 Parking,676 sqft,Maint. Fee $491,37 days
204,"$520,000",611E - 500 Queens Quay W,1BD,1BA,1 Parking,606 sqft,Maint. Fee $465,37 days
205,"$539,000",3601 - 25 Telegram Mews,1BD,1BA,0 Parking,540 sqft,Maint. Fee $323,37 days
206,"$525,000",1132 - 560 Front St W,1BD,1BA,0 Parking,555 sqft,Maint. Fee $377,37 days
207,"$589,000",1005 - 87 Peter St,1BD,1BA,0 Parking,530 sqft,Maint. Fee $312,37 days
208,"$599,000",915 - 27 Bathurst St,1+1BD,1BA,0 Parking,545 sqft,Maint. Fee $324,37 days
209,"$649,900",1204 - 375 King St,1BD,1BA,1 Parking,600-699 sqft,Maint. Fee $400,37 days
210,"$539,000",2711 - 85 Queens Wharf Rd,1BD,1BA,0 Parking,570 sqft,Maint. Fee $348,37 days
211,"$629,000",1132 - 629 King St W,1BD,1BA,0 Parking,546 sqft,Maint. Fee $411,38 days
212,"$599,900",808 - 38 Elm St,1BD,1BA,1 Parking,749 sqft,Maint. Fee $746,38 days
213,"$395,000",702 - 8 Colborne St,1BD,1BA,0 Parking,447 sqft,Maint. Fee $727,38 days
214,"$529,900",1911 - 75 Queens Wharf Rd,1BD,1BA,0 Parking,500-599 sqft,Maint. Fee $327,38 days
215,"$619,000",914 - 300 Front St W,1BD,1BA,0 Parking,615 sqft,Maint. Fee $354,38 days
216,"$609,900",616 - 7 King St E,1BD,1BA,1 Parking,627 sqft,Maint. Fee $526,38 days
217,"$624,888",1602 - 33 Charles St,1BD,1BA,0 Parking,495 sqft,Maint. Fee $370,39 days
218,"$569,900",613W - 27 Bathurst St,1BD,1BA,1 Parking,458 sqft,Maint. Fee $336,39 days
219,"$520,000",927 - 21 Iceboat Terr,1+1BD,1BA,0 Parking,573 sqft,Maint. Fee $384,39 days
220,"$539,000",1510 - 75 Queens Wharf Rd,1BD,1BA,0 Parking,540 sqft,Maint. Fee $352,39 days
221,"$639,000",3209 - 361 Front St,1+1BD,1BA,1 Parking,700-799 sqft,Maint. Fee $567,39 days
222,"$619,000",1412A - 300 Front St W,1BD,1BA,0 Parking,612 sqft,Maint. Fee $363,39 days
223,"$605,000",3806 - 426 University Ave,1BD,1BA,0 Parking,494 sqft,Maint. Fee $411,39 days
224,"$535,000",922 - 109 Front St E,1BD,1BA,0 Parking,500-599 sqft,Maint. Fee $380,39 days
225,"$549,995",1912 - 705 King St W,1+1BD,1BA,1 Parking,709 sqft,Maint. Fee $623,39 days
226,"$598,000",503 - 284 Bloor St W,1+1BD,1BA,0 Parking,665 sqft,Maint. Fee $661,39 days
227,"$589,000",3014 - 18 Yonge St,1BD,1BA,1 Parking,600-699 sqft,Maint. Fee $438,40 days
228,"$569,900",201 - 75 St Nicholas St,1BD,1BA,0 Parking,552 sqft,Maint. Fee $427,40 days
229,"$575,000",1606 - 426 University Ave,1BD,1BA,0 Parking,500-599 sqft,Maint. Fee $371,40 days
230,"$599,000",1104 - 5 St Joseph St,1+1BD,1BA,0 Parking,615 sqft,Maint. Fee $421,40 days
231,"$559,990",2909 - 14 York St,1+1BD,1BA,0 Parking,505 sqft,Maint. Fee $355,40 days
232,"$619,900",4411 - 14 York St,1BD,1BA,0 Parking,514 sqft,Maint. Fee $384,41 days
233,"$649,000",1111 - 8 Scollard St,1+1BD,1BA,0 Parking,630 sqft,Maint. Fee $505,41 days
234,"$649,900",1509 - 88 Harbour St,1BD,1BA,0 Parking,528 sqft,Maint. Fee $428,42 days
235,"$599,900",621 - 560 King St W,1BD,1BA,0 Parking,579 sqft,Maint. Fee $436,42 days
236,"$489,900",1705 - 55 Centre Ave,1BD,1BA,0 Parking,500-599 sqft,Maint. Fee $529,42 days
237,"$589,900",914 - 27 Bathurst St,1BD,1BA,0 Parking,500-599 sqft,Maint. Fee $374,42 days
238,"$598,000",1801 - 373 Front St W,1+1BD,1BA,1 Parking,619 sqft,Maint. Fee $498,42 days
239,"$489,900",501 - 28 Linden St,1BD,1BA,0 Parking,520 sqft,Maint. Fee $380,43 days
240,"$558,868",2607 - 25 Capreol Crt,1+1BD,1BA,0 Parking,625 sqft,Maint. Fee $417,43 days
241,"$604,900",2607 - 101 Peter St,1BD,1BA,0 Parking,475 sqft,Maint. Fee $320,43 days
242,"$599,000",432 - 550 Front St W,1BD,1BA,1 Parking,685 sqft,Maint. Fee $387,43 days
243,"$589,900",1009 - 109 Front St E,1BD,1BA,1 Parking,500-599 sqft,Maint. Fee $463,43 days
244,"$619,000",1202 Se - 177 Front St E,1+1BD,2BA,0 Parking,500-599 sqft,Maint. Fee $356,43 days
245,"$569,900",2607 - 115 Blue Jays Way,1+1BD,1BA,0 Parking,500-599 sqft,,
246,"$569,000",201 - 8 Scollard St,1BD,1BA,0 Parking,500-599 sqft,Maint. Fee $454,43 days
247,"$588,000",1003 - 125 Peter St,1+1BD,1BA,0 Parking,610 sqft,Maint. Fee $386,43 days
248,"$599,900",1505 - 8 York St,1BD,1BA,1 Parking,605 sqft,Maint. Fee $447,43 days
249,"$649,900",922 - 295 Adelaide St W,1+1BD,1BA,0 Parking,610 sqft,Maint. Fee $484,44 days
250,"$599,900",910 - 101 Peter St,1BD,1BA,0 Parking,557 sqft,Maint. Fee $375,44 days
251,"$549,900",1203 - 725 King St W,1+1BD,1BA,1 Parking,690 sqft,Maint. Fee $695,44 days
252,"$599,900",910 - 101 PETER Street W,1BD,1BA,1 Parking,557 sqft,Maint. Fee $375,45 days
253,"$595,000",2001 - 38 Elm St,1BD,1BA,0 Parking,697 sqft,Maint. Fee $622,45 days
254,"$599,000",618 - 400 Adelaide St E,1+1BD,1BA,0 Parking,670 sqft,Maint. Fee $407,45 days
255,"$499,000",713 - 323 Richmond St E,1BD,1BA,0 Parking,530 sqft,Maint. Fee $391,46 days
256,"$619,000",501 - 23 Brant St,1BD,1BA,0 Parking,685 sqft,Maint. Fee $486,46 days
257,"$648,000",2920 - 155 Yorkville Ave,1+1BD,1BA,0 Parking,500-599 sqft,Maint. Fee $565,46 days
258,"$648,080",808 - 400 Adelaide St E,1+1BD,2BA,0 Parking,700-799 sqft,Maint. Fee $426,46 days
259,"$650,000",1403 - 15 Grenville St,1BD,1BA,0 Parking,503 sqft,Maint. Fee $350,46 days
260,"$614,900",1106 - 8 Mercer St,1+1BD,1BA,0 Parking,500-599 sqft,Maint. Fee $334,46 days
261,"$632,000",715 - 608 Richmond St W,1BD,1BA,0 Parking,602 sqft,Maint. Fee $410,46 days
262,"$599,000",511 - 20 Blue Jays Way,1BD,1BA,0 Parking,560 sqft,Maint. Fee $387,47 days
263,"$639,000",519 - 400 Adelaide St E,1+1BD,1BA,0 Parking,691 sqft,Maint. Fee $420,47 days
264,"$549,900",1005 - 28 Ted Rogers Way,1BD,1BA,0 Parking,500-599 sqft,Maint. Fee $411,47 days
265,"$558,800",806 - 460 Adelaide St E,1BD,1BA,0 Parking,500-599 sqft,Maint. Fee $372,49 days
266,"$628,000",2812 - 14 York St,1+1BD,1BA,0 Parking,579 sqft,Maint. Fee $414,49 days
267,"$635,000",411 - 15 Grenville St,1+1BD,1BA,0 Parking,536 sqft,Maint. Fee $386,50 days
268,"$613,800",519 - 295 Adelaide St W,1BD,1BA,1 Parking,541 sqft,Maint. Fee $453,50 days
269,"$643,800",2811 - 101 Charles St E,1BD,1BA,0 Parking,500-599 sqft,Maint. Fee $324,51 days
270,"$565,000",616 - 1055 Bay St,1+1BD,1BA,0 Parking,600-699 sqft,Maint. Fee $477,51 days
271,"$575,000",1406 - 25 Grenville St,1+1BD,1BA,0 Parking,700 sqft,Maint. Fee $771,51 days
272,"$645,000",3303 - 75 Queens Wharf Rd,1+1BD,1BA,1 Parking,600-699 sqft,Maint. Fee $507,51 days
273,"$598,900",509 - 39 Brant St,1BD,1BA,0 Parking,521 sqft,Maint. Fee $356,51 days
274,"$499,000",1708 - 352 Front St W,1BD,1BA,0 Parking,587 sqft,Maint. Fee $405,51 days
275,"$640,000",804 - 21 Balmuto St,1+1BD,1BA,0 Parking,600-699 sqft,Maint. Fee $574,52 days
276,"$639,000",1208 - 11 St Joseph St,1BD,1BA,0 Parking,616 sqft,Maint. Fee $487,52 days
277,"$525,000",304 - 400 Wellington St W,1BD,1BA,0 Parking,605 sqft,Maint. Fee $403,53 days
278,"$628,000",1105 - 65 Harbour Sq,1BD,1BA,1 Parking,708 sqft,Maint. Fee $627,53 days
279,"$549,900",3705 - 11 Brunel Crt,1BD,1BA,0 Parking,535 sqft,Maint. Fee $360,53 days
280,"$568,000",3702 - 21 Iceboat Terr,1BD,1BA,0 Parking,550 sqft,Maint. Fee $392,53 days
281,"$579,900",606 - 32 Stewart St,1BD,1BA,0 Parking,628 sqft,Maint. Fee $446,53 days
282,"$499,000",409 - 126 Simcoe St,1BD,1BA,0 Parking,547 sqft,Maint. Fee $417,53 days
283,"$569,500",316 - 168 Simcoe St,1BD,1BA,0 Parking,655 sqft,Maint. Fee $565,53 days
284,"$499,999",305 - 705 King St W,1+1BD,1BA,1 Parking,700 sqft,Maint. Fee $623,53 days
285,"$559,000",1915 - 585 Bloor St E,1BD,1BA,0 Parking,500-599 sqft,Maint. Fee $306,53 days
286,"$539,000",703 - 85 Bloor St E,1BD,1BA,0 Parking,511 sqft,Maint. Fee $426,54 days
287,"$565,000",505 - 230 King St E,1BD,1BA,0 Parking,550 sqft,Maint. Fee $414,54 days
288,"$499,900",414 - 222 The Esplanade Ave,1+1BD,1BA,0 Parking,500-599 sqft,Maint. Fee $554,55 days
289,"$519,900",520 - 85 Queens Wharf Rd,1BD,1BA,0 Parking,515 sqft,Maint. Fee $315,56 days
290,"$599,900",1015 - 44 St Joseph St,1+1BD,1BA,1 Parking,772 sqft,Maint. Fee $674,56 days
291,"$550,000",607 - 330 Richmond St W,1BD,1BA,0 Parking,600-699 sqft,,
292,"$554,900",209 - 3 Market St,1BD,1BA,0 Parking,514 sqft,Maint. Fee $340,56 days
293,"$575,000",509 - 560 Front St W,1BD,1BA,0 Parking,500 sqft,Maint. Fee $338,56 days
294,"$555,888",542 - 22 Leader Lane,1BD,1BA,0 Parking,570 sqft,Maint. Fee $673,57 days
295,"$629,900",2214 - 761 Bay St,1BD,1BA,0 Parking,580 sqft,Maint. Fee $301,57 days
296,"$599,000",1406 - 140 Simcoe St,1BD,1BA,0 Parking,550 sqft,Maint. Fee $360,57 days
297,"$599,900",1408 - 10 Queens Quay W,1+1BD,1BA,1 Parking,749 sqft,Maint. Fee $827,57 days
298,"$558,800",1808 - 801 Bay St,1BD,1BA,0 Parking,576 sqft,Maint. Fee $531,57 days
299,"$584,900",612 - 170 Fort York Blvd,1+1BD,1BA,0 Parking,585 sqft,Maint. Fee $489,57 days
300,"$449,900",916 - 80 St. Patrick St,1BD,1BA,0 Parking,500-599 sqft,Maint. Fee $486,58 days
301,"$599,900",1510 - 100 Hayden St,1+1BD,1BA,1 Parking,500-599 sqft,Maint. Fee $612,58 days
302,"$649,900",513 - 386 Yonge St,1BD,2BA,0 Parking,600-699 sqft,Maint. Fee $417,58 days
303,"$650,000",4612 - 14 York St,1+1BD,1BA,0 Parking,500-599 sqft,Maint. Fee $439,58 days
304,"$597,888",4215 - 115 Blue Jays Way,1BD,1BA,0 Parking,500-599 sqft,,
305,"$635,000",3301 - 295 Adelaide St W,1BD,1BA,0 Parking,514 sqft,Maint. Fee $342,58 days
306,"$649,900",513 - 386 YONGE Street,1BD,1BA,1 Parking,617 sqft,Maint. Fee $417,59 days
307,"$650,000",4612 - 14 York Street,1BD,1BA,1 Parking,579 sqft,Maint. Fee $439,59 days
308,"$619,000",704 - 1005 King St W,1+1BD,1BA,0 Parking,605 sqft,Maint. Fee $451,59 days
309,"$449,800",812 - 80 St Patrick St,1BD,1BA,0 Parking,500-599 sqft,Maint. Fee $500,59 days
310,"$569,000",416 - 89 Mccaul St,1BD,1BA,0 Parking,700-799 sqft,Maint. Fee $748,59 days
311,"$599,000",2310 - 8 The Esplanade Ave,1BD,1BA,0 Parking,534 sqft,Maint. Fee $374,59 days
312,"$569,900",S306 - 112 George St,1+1BD,1BA,0 Parking,656 sqft,Maint. Fee $360,60 days
313,"$629,900",545 - 1030 King St,1+1BD,1BA,0 Parking,609 sqft,Maint. Fee $362,61 days
314,"$550,000",604 - 120 St Patrick St,1BD,1BA,0 Parking,600-699 sqft,Maint. Fee $680,62 days
315,"$639,900",336 - 250 Wellington St W,1+1BD,1BA,1 Parking,730 sqft,Maint. Fee $600,62 days
316,"$598,000",1807 - 100 Harbour St,1BD,1BA,0 Parking,499 sqft,Maint. Fee $361,63 days
317,"$599,000",1003 - 10 Willison Sq,1BD,1BA,1 Parking,562 sqft,Maint. Fee $338,63 days
318,"$559,900",2010 - 28 Ted Rogers Way,1BD,1BA,0 Parking,500-599 sqft,Maint. Fee $430,63 days
319,"$638,888",1601 - 155 Yorkville Ave,1+1BD,1BA,0 Parking,500-599 sqft,Maint. Fee $512,63 days
320,"$619,800",1205 - 300 Front St W,1BD,1BA,0 Parking,652 sqft,Maint. Fee $375,63 days
321,"$599,900",1526 - 525 Adelaide St W,1+1BD,1BA,1 Parking,537 sqft,Maint. Fee $371,64 days
322,"$589,800",414 - 705 King St W,1+1BD,1BA,1 Parking,700-799 sqft,Maint. Fee $628,64 days
323,"$628,000",2306 - 290 Adelaide St W,1BD,1BA,0 Parking,524 sqft,Maint. Fee $364,64 days
324,"$609,900",731 - 112 George St,1+1BD,1BA,1 Parking,689 sqft,Maint. Fee $449,65 days
325,"$588,000",921 - 20 John St,1BD,1BA,0 Parking,580 sqft,Maint. Fee $350,65 days
326,"$629,900",702 - 40 Scollard St,1+1BD,1BA,0 Parking,701 sqft,Maint. Fee $672,65 days
327,"$639,000",1105 - 16 Bonnycastle St,1+1BD,1BA,0 Parking,620 sqft,Maint. Fee $444,65 days
328,"$609,900",4609 - 14 York St,1+1BD,1BA,0 Parking,505 sqft,Maint. Fee $361,65 days
329,"$638,222",2207 - 30 Grand Trunk Cres,1+1BD,1BA,0 Parking,577 sqft,Maint. Fee $418,65 days
330,"$587,000",312 - 15 Brunel Crt,1+1BD,1BA,1 Parking,600 sqft,Maint. Fee $390,65 days
331,"$529,900",304 - 32 Stewart St,1BD,1BA,0 Parking,511 sqft,Maint. Fee $351,65 days
332,"$549,000",1605 - 80 Queens Wharf Rd,1BD,1BA,0 Parking,525 sqft,Maint. Fee $330,65 days
333,"$549,000",601 - 8 The Esplanade,1BD,1BA,0 Parking,500-599 sqft,Maint. Fee $377,66 days
334,"$599,000",407 - 38 Elm St,1BD,1BA,0 Parking,808 sqft,Maint. Fee $723,66 days
335,"$638,800",602 - 42 Camden St,1BD,1BA,0 Parking,583 sqft,Maint. Fee $384,66 days
336,"$634,900",1618 - 352 Front St W,1+1BD,1BA,0 Parking,569 sqft,Maint. Fee $379,67 days
337,"$649,999",#1013 - 105 George St,1+1BD,2BA,1 Parking,667 sqft,Maint. Fee $610,67 days
338,"$619,900",806 - 12 Bonnycastle St,1BD,1BA,0 Parking,662 sqft,Maint. Fee $484,67 days
339,"$619,000",1609 - 8 Park Rd,1+1BD,1BA,0 Parking,610 sqft,Maint. Fee $537,67 days
340,"$649,000",514 - 352 Front St W,1+1BD,1BA,0 Parking,659 sqft,Maint. Fee $439,67 days
341,"$475,000",212 - 105 Mccaul St,1BD,1BA,0 Parking,500-599 sqft,Maint. Fee $500,67 days
342,"$615,000",1501 - 832 Bay St,1BD,1BA,0 Parking,613 sqft,Maint. Fee $342,69 days
343,"$649,800",616 - 25 Lower Simcoe St,1+1BD,1BA,0 Parking,600-699 sqft,Maint. Fee $484,69 days
344,"$588,800",309 - 38 Dan Leckie Way,1+1BD,2BA,1 Parking,600-699 sqft,Maint. Fee $398,70 days
345,"$605,000",514 - 20 Richardson St,1BD,1BA,0 Parking,500-599 sqft,Maint. Fee $379,70 days
346,"$649,900",2607 - 18 Harbour St,1+1BD,1BA,1 Parking,588 sqft,Maint. Fee $406,70 days
347,"$600,000",517 - 44 St Joseph St,1+1BD,1BA,0 Parking,600-699 sqft,Maint. Fee $558,70 days
348,"$649,900",3709 - 12 York St,1+1BD,1BA,1 Parking,590 sqft,Maint. Fee $557,70 days
349,"$589,900",1527 - 250 Wellington St W,1+1BD,1BA,1 Parking,600-699 sqft,Maint. Fee $492,70 days
350,"$649,900",LPH27 - 525 Adelaide St W,1+1BD,1BA,1 Parking,500-599 sqft,Maint. Fee $364,70 days
351,"$569,900",1608 - 85 Bloor St E,1+1BD,1BA,0 Parking,606 sqft,Maint. Fee $506,71 days
352,"$569,800",2309 - 290 Adelaide St W,1BD,1BA,0 Parking,445 sqft,Maint. Fee $289,71 days
353,"$629,000",706 - 45 Charles St E,1BD,1BA,0 Parking,600-699 sqft,Maint. Fee $310,71 days
354,"$609,900",4409 - 14 York St,1+1BD,1BA,0 Parking,500-599 sqft,Maint. Fee $361,71 days
355,"$545,000",101S - 455 Front St,1BD,1BA,0 Parking,500-599 sqft,Maint. Fee $426,71 days
356,"$568,000",216 - 560 Front St W,1BD,1BA,0 Parking,500 sqft,Maint. Fee $338,71 days
357,"$569,900",4201 - 25 Telegram Mews,1BD,1BA,0 Parking,540 sqft,Maint. Fee $315,71 days
358,"$650,000",606 - 909 Bay St,1BD,1BA,1 Parking,694 sqft,Maint. Fee $560,72 days
359,"$569,900",904 - 725 King St W,1+1BD,1BA,1 Parking,687 sqft,Maint. Fee $693,72 days
360,"$639,900",321 - 633 Bay St,1BD,1BA,1 Parking,858 sqft,Maint. Fee $711,72 days
361,"$549,888",301 - 330 Richmond St W,1BD,1BA,0 Parking,500-599 sqft,Maint. Fee $376,72 days
362,"$650,000",711 - 375 King St W,1BD,1BA,0 Parking,600-699 sqft,Maint. Fee $451,72 days
363,"$549,900",811 - 78 Tecumseth St,1BD,1BA,0 Parking,542 sqft,Maint. Fee $237,72 days
364,"$575,000",1104 - 560 Front St W,1BD,1BA,0 Parking,525 sqft,Maint. Fee $374,73 days
365,"$534,900",319 - 25 The Esplanade,1+1BD,1BA,0 Parking,647 sqft,Maint. Fee $418,74 days
366,"$529,900",408 - 318 King St E,1BD,1BA,0 Parking,543 sqft,Maint. Fee $341,74 days
367,"$585,000",805 - 525 Adelaide St W,1BD,1BA,1 Parking,528 sqft,Maint. Fee $359,74 days
368,"$540,000",308 - 1121 Bay St,1BD,1BA,1 Parking,475 sqft,Maint. Fee $651,75 days
369,"$645,900",400 Wellington  St N,1BD,1BA,1 Parking,587 sqft,Maint. Fee $420,77 days
370,"$585,000",1405 - 1121 Bay St,1+1BD,1BA,0 Parking,590 sqft,Maint. Fee $684,77 days
371,"$579,000",2110 - 151 Dan Leckie Way,1+1BD,1BA,0 Parking,500-599 sqft,Maint. Fee $394,77 days
372,"$595,000",2906 - 115 Blue Jays Way,1BD,1BA,0 Parking,500-599 sqft,,
373,"$539,000",805 - 608 Richmond St W,1BD,1BA,0 Parking,494 sqft,Maint. Fee $339,77 days
374,"$559,900",819 - 410 Queens Quay W,1BD,1BA,1 Parking,605 sqft,Maint. Fee $618,78 days
375,"$639,000",2209 - 70 Temperance St,1+1BD,1BA,0 Parking,575 sqft,Maint. Fee $349,78 days
376,"$599,800",617 - 85 Queens Wharf Rd,1+1BD,1BA,0 Parking,595 sqft,Maint. Fee $400,78 days
377,"$599,000",PH44 - 250 Wellington St,1+1BD,1BA,1 Parking,588 sqft,Maint. Fee $490,78 days
378,"$588,000",1906 - 1121 Bay St,1BD,1BA,1 Parking,525 sqft,Maint. Fee $675,79 days
379,"$649,000",3703 - 5 St Joseph St,1BD,1BA,0 Parking,579 sqft,Maint. Fee $417,79 days
380,"$618,000",508 - 297 College St,1+1BD,1BA,0 Parking,579 sqft,Maint. Fee $419,79 days
381,"$575,000",503 - 33 Lombard St,1BD,1BA,1 Parking,560 sqft,Maint. Fee $544,79 days
382,"$599,900",914 - 1055 Bay St,1+1BD,1BA,1 Parking,499 sqft,Maint. Fee $479,79 days
383,"$625,000",1802 - 300 Front St W,1BD,1BA,0 Parking,582 sqft,Maint. Fee $327,80 days
384,"$629,000",809 - 80 Queens Wharf Rd,1+1BD,1BA,1 Parking,577 sqft,Maint. Fee $435,81 days
385,"$629,900",727 - 460 Adelaide St E,1+2BD,2BA,0 Parking,700 sqft,Maint. Fee $445,81 days
386,"$535,990",# 1810 - 85 Queens Wharf Rd,1BD,1BA,0 Parking,535 sqft,Maint. Fee $327,83 days
387,"$649,990",1015 - 88 Blue Jays Way,1+1BD,1BA,0 Parking,619 sqft,Maint. Fee $530,83 days
388,"$628,000",716 - 57 St Joseph St,1BD,1BA,0 Parking,505 sqft,Maint. Fee $326,84 days
389,"$558,000",3609 - 85 Queens Wharf Rd,1BD,1BA,0 Parking,540 sqft,Maint. Fee $340,84 days
390,"$621,000",1412 - 38 Elm St,1BD,1BA,0 Parking,749 sqft,Maint. Fee $670,84 days
391,"$649,000",820 - 155 Yorkville Ave,1+1BD,1BA,0 Parking,550 sqft,Maint. Fee $560,85 days
392,"$549,900",337 - 15 Iceboat Terr,1BD,1BA,1 Parking,510 sqft,Maint. Fee $420,85 days
393,"$619,000",1605 - 1121 Bay St,1+1BD,1BA,0 Parking,590 sqft,Maint. Fee $670,86 days
394,"$625,000",204 - 350 Wellington St W,1BD,1BA,1 Parking,660 sqft,Maint. Fee $753,86 days
395,"$599,000",#1245 - 250 Wellington St. W. St W,1BD,1BA,1 Parking,572 sqft,Maint. Fee $477,86 days
396,"$599,900",305 - 212 St George St,1BD,1BA,1 Parking,700-799 sqft,"Maint. Fee $1,007",86 days
397,"$568,800",421 - 22 Leader Lane,1BD,1BA,0 Parking,550 sqft,Maint. Fee $648,87 days
398,"$628,800",6611 - 14 York St,1BD,1BA,0 Parking,579 sqft,Maint. Fee $392,88 days
399,"$599,000",2106 - 330 Richmond St,1BD,1BA,0 Parking,600-699 sqft,Maint. Fee $350,88 days
400,"$529,000",613 - 208 Queens Quay W,1BD,1BA,0 Parking,553 sqft,Maint. Fee $409,88 days
401,"$549,900",204 - 57 St Joseph St,1BD,1BA,0 Parking,518 sqft,Maint. Fee $334,88 days
402,"$558,000",510 - 85 Queens Wharf Rd,1BD,1BA,0 Parking,535 sqft,Maint. Fee $327,88 days
403,"$588,000",1901 - 10 Capreol Crt,1BD,1BA,1 Parking,517 sqft,Maint. Fee $425,88 days
404,"$649,000",3103 - 30 Grand Trunk Cres,1+1BD,1BA,1 Parking,651 sqft,Maint. Fee $670,90 days
405,"$620,000",701 - 1001 Bay St,1+1BD,1BA,1 Parking,682 sqft,Maint. Fee $573,91 days
406,"$649,900",517 - 1 King St W,1BD,1BA,0 Parking,644 sqft,Maint. Fee $774,91 days
407,"$649,000",3006 - 33 Bay St,1BD,1BA,0 Parking,590 sqft,Maint. Fee $358,91 days
408,"$639,000",439 - 22 Leader Lane,1BD,1BA,0 Parking,625 sqft,Maint. Fee $707,92 days
409,"$499,000",502 - 1121 Bay St,1BD,1BA,0 Parking,525 sqft,Maint. Fee $612,92 days
410,"$599,900",525 - 22 Leader Lane,1BD,1BA,0 Parking,451 sqft,Maint. Fee $545,94 days
411,"$575,000",1114Se - 177 Front St E,1BD,1BA,1 Parking,500-599 sqft,Maint. Fee $380,94 days
412,"$629,000",3111 - 295 Adelaide St W,1BD,1BA,0 Parking,508 sqft,Maint. Fee $339,95 days
413,"$625,000",808 - 199 Richmond St W,1BD,1BA,0 Parking,507 sqft,Maint. Fee $408,96 days
414,"$649,900",3506 - 28 Ted Rogers Way,1+1BD,1BA,0 Parking,631 sqft,Maint. Fee $505,97 days
415,"$559,000",401 - 435 Richmond St W,1BD,1BA,0 Parking,538 sqft,Maint. Fee $352,98 days
416,"$588,000",2409 - 8 The Esplanade Ave,1BD,1BA,0 Parking,534 sqft,Maint. Fee $374,98 days
417,"$599,000",1202 - 300 Front St W,1BD,1BA,0 Parking,582 sqft,Maint. Fee $335,99 days
418,"$598,800",505 - 1121 Bay St,1+1BD,1BA,0 Parking,555 sqft,Maint. Fee $614,99 days
419,"$569,900",502 - 435 Richmond St W,1BD,1BA,0 Parking,538 sqft,Maint. Fee $352,99 days
420,"$519,900",1202 E - 177 Front St E,1BD,1BA,0 Parking,500-599 sqft,Maint. Fee $333,101 days
421,"$585,000",623 - 15 Brunel Crt,1+1BD,1BA,1 Parking,595 sqft,Maint. Fee $394,101 days
422,"$629,000",913 - 140 Simcoe St,1+1BD,1BA,0 Parking,638 sqft,Maint. Fee $418,101 days
423,"$599,000",912 - 10 Queens Quay,1BD,1BA,1 Parking,710 sqft,Maint. Fee $786,102 days
424,"$569,000",613 - 89 Mccaul St,1BD,1BA,0 Parking,600-699 sqft,Maint. Fee $550,104 days
425,"$599,000",521 - 460 Adelaide St E,1+1BD,1BA,1 Parking,670 sqft,Maint. Fee $487,108 days
426,"$579,880",501 - 832 Bay St,1BD,1BA,0 Parking,613 sqft,Maint. Fee $342,114 days
427,"$649,990",321 - 80 Vanauley St,1+1BD,1BA,1 Parking,574 sqft,Maint. Fee $569,115 days
428,"$579,900",1101 - 70 Queens Wharf Rd S,1+1BD,1BA,0 Parking,579 sqft,Maint. Fee $362,117 days
429,"$574,000",145 - 71 Mccaul St,1+1BD,1BA,0 Parking,500-599 sqft,Maint. Fee $500,118 days
430,"$645,000",2906 - 45 Charles St E,1BD,1BA,0 Parking,510 sqft,Maint. Fee $310,124 days
431,"$598,888",601 - 199 Richmond St W,1+1BD,2BA,0 Parking,685 sqft,Maint. Fee $522,134 days
432,"$565,000",606 - 460 Adelaide St E,1BD,1BA,0 Parking,581 sqft,Maint. Fee $400,136 days
433,"$649,900",312 - 650 King St W,1BD,1BA,0 Parking,614 sqft,Maint. Fee $327,140 days
434,"$540,000",1713 W - 177 Front St E,1+1BD,1BA,0 Parking,500-599 sqft,Maint. Fee $368,140 days
435,"$608,888",413 - 5 St Joseph St,1BD,1BA,0 Parking,625 sqft,Maint. Fee $398,144 days
436,"$638,000",406 - 1001 Bay St,1+1BD,1BA,1 Parking,642 sqft,Maint. Fee $550,148 days
437,"$599,000",703 - 393 King St W,1+1BD,1BA,1 Parking,661 sqft,Maint. Fee $643,151 days
438,"$598,888",812 - 111 Bathurst St,1BD,1BA,0 Parking,505 sqft,Maint. Fee $274,154 days
439,"$579,000",824 W - 177 Front St E,1BD,1BA,0 Parking,500-599 sqft,Maint. Fee $324,172 days
440,"$639,000",2705 - 426 University Ave,1BD,1BA,0 Parking,504 sqft,Maint. Fee $386,179 days
441,"$599,000",404 - 38 Stewart St,1BD,1BA,1 Parking,657 sqft,Maint. Fee $450,6 months
